[
  {
    "post_id": "1pd2to1",
    "classification": {
      "classification": {
        "topic_category": "Science & Technology",
        "post_type": "News Article",
        "user_intent": "Discussion",
        "confidence": 0.82,
        "thread_level_intent": [
          "discussion",
          "mental_health"
        ],
        "direct_response": false
      }
    }
  },
  {
    "post_id": "1pcylux",
    "classification": {
      "classification": {
        "topic_category": "Science & Technology",
        "post_type": "News Article",
        "user_intent": "Discussion",
        "confidence": 0.82
      }
    }
  },
  {
    "post_id": "1pd1ka3",
    "classification": {
      "classification": {
        "topic_category": "Science & Technology",
        "post_type": "News Article",
        "user_intent": "Discussion",
        "subreddit": "singularity"
      }
    }
  }
]